{
    "IMDB.Rating ~ US.DVD.Sales + Running.Time..min. + Production.Budget + US.Gross + Rotten.Tomatoes.Rating + Worldwide.Gross + IMDB.Votes": {
        "coefs": {
            "Estimate": {
                "(Intercept)": 1.36880976126184e-15,
                "IMDB.Votes": 0.379193050578305,
                "Production.Budget": -0.0348898775926824,
                "Rotten.Tomatoes.Rating": 0.332909341301406,
                "Running.Time..min.": -0.00806340351845059,
                "US.DVD.Sales": 0.00308368180031381,
                "US.Gross": -0.124608855757014,
                "Worldwide.Gross": 0.0145589013568155
            },
            "Pr(>|t|)": {
                "(Intercept)": 0.999999999999927,
                "IMDB.Votes": 6.69128533053426e-88,
                "Production.Budget": 0.108037828708385,
                "Rotten.Tomatoes.Rating": 6.14167220500975e-90,
                "Running.Time..min.": 0.641437176308958,
                "US.DVD.Sales": 0.857163242867462,
                "US.Gross": 0.00579126229268693,
                "Worldwide.Gross": 0.758210104366831
            },
            "Std. Error": {
                "(Intercept)": 0.0149939101090747,
                "IMDB.Votes": 0.0184903761012806,
                "Production.Budget": 0.0217040784382869,
                "Rotten.Tomatoes.Rating": 0.0160325263905725,
                "Running.Time..min.": 0.0173132976948302,
                "US.DVD.Sales": 0.0171314749284462,
                "US.Gross": 0.0451279603835456,
                "Worldwide.Gross": 0.0472908903197147
            },
            "t value": {
                "(Intercept)": 9.1291047585606e-14,
                "IMDB.Votes": 20.5075899214426,
                "Production.Budget": -1.60752633160113,
                "Rotten.Tomatoes.Rating": 20.764621444638,
                "Running.Time..min.": -0.465734700608674,
                "US.DVD.Sales": 0.180000952235202,
                "US.Gross": -2.76123393785038,
                "Worldwide.Gross": 0.307858474610832
            }
        },
        "df.df": [
            8,
            3193,
            8
        ],
        "fstatistic.fstatistic": {
            "dendf": 3193,
            "numdf": 7,
            "value": 179.095126361776
        },
        "r.squared.r.squared": 0.281933906681242
    },
    "IMDB.Votes ~ US.DVD.Sales + Running.Time..min. + Production.Budget + US.Gross + Rotten.Tomatoes.Rating + Worldwide.Gross + IMDB.Rating": {
        "coefs": {
            "Estimate": {
                "(Intercept)": -1.75452598878251e-15,
                "IMDB.Rating": 0.30692584473643,
                "Production.Budget": -0.0493255075351463,
                "Rotten.Tomatoes.Rating": 0.0903985243301354,
                "Running.Time..min.": 0.0992305719324306,
                "US.DVD.Sales": 0.0172148014190543,
                "US.Gross": 0.118163102865911,
                "Worldwide.Gross": 0.349590941045941
            },
            "Pr(>|t|)": {
                "(Intercept)": 0.999999999999896,
                "IMDB.Rating": 6.69128533053198e-88,
                "Production.Budget": 0.0115335800741126,
                "Rotten.Tomatoes.Rating": 3.67590901111119e-09,
                "Running.Time..min.": 1.65616832219837e-10,
                "US.DVD.Sales": 0.264023177173585,
                "US.Gross": 0.00363040195854396,
                "Worldwide.Gross": 1.45862249000392e-16
            },
            "Std. Error": {
                "(Intercept)": 0.0134896738027577,
                "IMDB.Rating": 0.0149664512462047,
                "Production.Budget": 0.0195150437463023,
                "Rotten.Tomatoes.Rating": 0.0152836497937936,
                "Running.Time..min.": 0.0154775980012536,
                "US.DVD.Sales": 0.0154098584217081,
                "US.Gross": 0.0405952028512688,
                "Worldwide.Gross": 0.0420949460024869
            },
            "t value": {
                "(Intercept)": -1.30064374753363e-13,
                "IMDB.Rating": 20.5075899214426,
                "Production.Budget": -2.52756325716628,
                "Rotten.Tomatoes.Rating": 5.91472099595245,
                "Running.Time..min.": 6.41123848315442,
                "US.DVD.Sales": 1.11712910968757,
                "US.Gross": 2.91076517831018,
                "Worldwide.Gross": 8.30481980010824
            }
        },
        "df.df": [
            8,
            3193,
            8
        ],
        "fstatistic.fstatistic": {
            "dendf": 3193,
            "numdf": 7,
            "value": 328.665046587714
        },
        "r.squared.r.squared": 0.418784068082661
    },
    "Production.Budget ~ US.DVD.Sales + Running.Time..min. + US.Gross + Rotten.Tomatoes.Rating + Worldwide.Gross + IMDB.Rating + IMDB.Votes": {
        "coefs": {
            "Estimate": {
                "(Intercept)": -3.22885909448243e-15,
                "IMDB.Rating": -0.0231774945711674,
                "IMDB.Votes": -0.0404823312821668,
                "Rotten.Tomatoes.Rating": -0.0396655434315547,
                "Running.Time..min.": 0.2692289597787,
                "US.DVD.Sales": 0.1374698610134,
                "US.Gross": -0.113545389273141,
                "Worldwide.Gross": 0.648603251311211
            },
            "Pr(>|t|)": {
                "(Intercept)": 0.999999999999789,
                "IMDB.Rating": 0.108037828708378,
                "IMDB.Votes": 0.0115335800741124,
                "Rotten.Tomatoes.Rating": 0.00436105436531464,
                "Running.Time..min.": 5.03048575776172e-86,
                "US.DVD.Sales": 3.39213125403224e-23,
                "US.Gross": 0.00203275729687124,
                "Worldwide.Gross": 1.94670748719175e-66
            },
            "Std. Error": {
                "(Intercept)": 0.0122207658748751,
                "IMDB.Rating": 0.014418111924849,
                "IMDB.Votes": 0.0160163474316178,
                "Rotten.Tomatoes.Rating": 0.0139039274685801,
                "Running.Time..min.": 0.0132829941712682,
                "US.DVD.Sales": 0.0137494862622111,
                "US.Gross": 0.0367705065327922,
                "Worldwide.Gross": 0.0367961999030501
            },
            "t value": {
                "(Intercept)": -2.6421086268584e-13,
                "IMDB.Rating": -1.60752633160116,
                "IMDB.Votes": -2.52756325716629,
                "Rotten.Tomatoes.Rating": -2.85283014610011,
                "Running.Time..min.": 20.2686951682216,
                "US.DVD.Sales": 9.99818163324543,
                "US.Gross": -3.08794737901912,
                "Worldwide.Gross": 17.6269085671927
            }
        },
        "df.df": [
            8,
            3193,
            8
        ],
        "fstatistic.fstatistic": {
            "dendf": 3193,
            "numdf": 7,
            "value": 500.102668819668
        },
        "r.squared.r.squared": 0.522985629988994
    },
    "Rotten.Tomatoes.Rating ~ US.DVD.Sales + Running.Time..min. + Production.Budget + US.Gross + Worldwide.Gross + IMDB.Rating + IMDB.Votes": {
        "coefs": {
            "Estimate": {
                "(Intercept)": -6.74988841910883e-16,
                "IMDB.Rating": 0.357366264809049,
                "IMDB.Votes": 0.119888029534055,
                "Production.Budget": -0.0640964442751569,
                "Running.Time..min.": 0.0220862282800595,
                "US.DVD.Sales": 0.0267125606548917,
                "US.Gross": 0.378883537326921,
                "Worldwide.Gross": -0.260675054447098
            },
            "Pr(>|t|)": {
                "(Intercept)": 0.999999999999965,
                "IMDB.Rating": 6.14167220500695e-90,
                "IMDB.Votes": 3.67590901111135e-09,
                "Production.Budget": 0.00436105436531437,
                "Running.Time..min.": 0.218224570552675,
                "US.DVD.Sales": 0.13229617978348,
                "US.Gross": 4.11706145787443e-16,