{"US.DVD.Sales ~ Running.Time..min. + Production.Budget + US.Gross + Rotten.Tomatoes.Rating + Worldwide.Gross + IMDB.Rating + IMDB.Votes":{"fstatistic.fstatistic":{"value":139.148111686116,"numdf":7,"dendf":3193},"r.squared.r.squared":0.233748064345477,"df.df":[8,3193,8],"coefs":{"Estimate":{"(Intercept)":2.01955609748167e-15,"Running.Time..min.":-0.0577137069783942,"Production.Budget":0.220824683108068,"US.Gross":0.0451388922075483,"Rotten.Tomatoes.Rating":0.0265543157102733,"Worldwide.Gross":0.270417427745341,"IMDB.Rating":0.00329061234114521,"IMDB.Votes":0.0226953085503773},"Std. Error":{"(Intercept)":0.0154888254348498,"Running.Time..min.":0.0178561915420735,"Production.Budget":0.0220864844437106,"US.Gross":0.046666321237996,"Rotten.Tomatoes.Rating":0.0176382808196965,"Worldwide.Gross":0.0486176189964049,"IMDB.Rating":0.0182810829625283,"IMDB.Votes":0.0203157435909297},"t value":{"(Intercept)":1.30387943616285e-13,"Running.Time..min.":-3.23213977865362,"Production.Budget":9.99818163324542,"US.Gross":0.967269135643714,"Rotten.Tomatoes.Rating":1.50549341977934,"Worldwide.Gross":5.56212816109602,"IMDB.Rating":0.180000952235168,"IMDB.Votes":1.11712910968762},"Pr(>|t|)":{"(Intercept)":0.999999999999896,"Running.Time..min.":0.00124116221665638,"Production.Budget":3.39213125403245e-23,"US.Gross":0.333482765541333,"Rotten.Tomatoes.Rating":0.132296179783479,"Worldwide.Gross":2.88474888711614e-08,"IMDB.Rating":0.857163242867488,"IMDB.Votes":0.264023177173564}}},"Running.Time..min. ~ US.DVD.Sales + Production.Budget + US.Gross + Rotten.Tomatoes.Rating + Worldwide.Gross + IMDB.Rating + IMDB.Votes":{"fstatistic.fstatistic":{"value":151.88639272648,"numdf":7,"dendf":3193},"r.squared.r.squared":0.249801128414661,"df.df":[8,3193,8],"coefs":{"Estimate":{"(Intercept)":1.15644583503908e-14,"US.DVD.Sales":-0.0565045983384259,"Production.Budget":0.423415466119838,"US.Gross":0.422345195437202,"Rotten.Tomatoes.Rating":0.0214954218040868,"Worldwide.Gross":-0.378164757537493,"IMDB.Rating":-0.00842423319658615,"IMDB.Votes":0.128080905912027},"Std. Error":{"(Intercept)":0.0153257203297479,"US.DVD.Sales":0.0174821023247829,"Production.Budget":0.0208901195960407,"US.Gross":0.0455728179977284,"Rotten.Tomatoes.Rating":0.0174545892205408,"Worldwide.Gross":0.0478726180107897,"IMDB.Rating":0.0180880513854269,"IMDB.Votes":0.0199775606926121},"t value":{"(Intercept)":7.54578453839051e-13,"US.DVD.Sales":-3.23213977865374,"Production.Budget":20.2686951682215,"US.Gross":9.26748035327231,"Rotten.Tomatoes.Rating":1.23150545294935,"Worldwide.Gross":-7.89939579766165,"IMDB.Rating":-0.465734700608675,"IMDB.Votes":6.41123848315436},"Pr(>|t|)":{"(Intercept)":0.999999999999398,"US.DVD.Sales":0.00124116221665588,"Production.Budget":5.03048575777463e-86,"US.Gross":3.40612674290514e-20,"Rotten.Tomatoes.Rating":0.218224570552683,"Worldwide.Gross":3.82327372967003e-15,"IMDB.Rating":0.641437176308957,"IMDB.Votes":1.65616832219896e-10}}},"Production.Budget ~ US.DVD.Sales + Running.Time..min. + US.Gross + Rotten.Tomatoes.Rating + Worldwide.Gross + IMDB.Rating + IMDB.Votes":{"fstatistic.fstatistic":{"value":500.102668819668,"numdf":7,"dendf":3193},"r.squared.r.squared":0.522985629988994,"df.df":[8,3193,8],"coefs":{"Estimate":{"(Intercept)":-3.22885909448243e-15,"US.DVD.Sales":0.1374698610134,"Running.Time..min.":0.2692289597787,"US.Gross":-0.113545389273141,"Rotten.Tomatoes.Rating":-0.0396655434315547,"Worldwide.Gross":0.648603251311211,"IMDB.Rating":-0.0231774945711674,"IMDB.Votes":-0.0404823312821668},"Std. Error":{"(Intercept)":0.0122207658748751,"US.DVD.Sales":0.0137494862622111,"Running.Time..min.":0.0132829941712682,"US.Gross":0.0367705065327922,"Rotten.Tomatoes.Rating":0.0139039274685801,"Worldwide.Gross":0.0367961999030501,"IMDB.Rating":0.014418111924849,"IMDB.Votes":0.0160163474316178},"t value":{"(Intercept)":-2.6421086268584e-13,"US.DVD.Sales":9.99818163324543,"Running.Time..min.":20.2686951682216,"US.Gross":-3.08794737901912,"Rotten.Tomatoes.Rating":-2.85283014610011,"Worldwide.Gross":17.6269085671927,"IMDB.Rating":-1.60752633160116,"IMDB.Votes":-2.52756325716629},"Pr(>|t|)":{"(Intercept)":0.999999999999789,"US.DVD.Sales":3.39213125403224e-23,"Running.Time..min.":5.03048575776172e-86,"US.Gross":0.00203275729687124,"Rotten.Tomatoes.Rating":0.00436105436531464,"Worldwide.Gross":1.94670748719175e-66,"IMDB.Rating":0.108037828708378,"IMDB.Votes":0.0115335800741124}}},"US.Gross ~ US.DVD.Sales + Running.Time..min. + Production.Budget + Rotten.Tomatoes.Rating + Worldwide.Gross + IMDB.Rating + IMDB.Votes":{"fstatistic.fstatistic":{"value":3684.45051766905,"numdf":7,"dendf":3193},"r.squared.r.squared":0.889836355359677,"df.df":[8,3193,8],"coefs":{"Estimate":{"(Intercept)":-7.52261985923998e-16,"US.DVD.Sales":0.0064895951960797,"Running.Time..min.":0.0620196694342804,"Production.Budget":-0.0262226354190224,"Rotten.Tomatoes.Rating":0.0541491993421976,"Worldwide.Gross":0.913653192609263,"IMDB.Rating":-0.0191171339691138,"IMDB.Votes":0.022396629821857},"Std. Error":{"(Intercept)":0.00587288964985659,"US.DVD.Sales":0.00670919287811322,"Running.Time..min.":0.00669218245630068,"Production.Budget":0.00849193078780783,"Rotten.Tomatoes.Rating":0.00662128547214516,"Worldwide.Gross":0.0090377846062087,"IMDB.Rating":0.00692340250750236,"IMDB.Votes":0.00769441313533201},"t value":{"(Intercept)":-1.28090604587193e-13,"US.DVD.Sales":0.967269135643738,"Running.Time..min.":9.26748035327234,"Production.Budget":-3.08794737901906,"Rotten.Tomatoes.Rating":8.17804934857376,"Worldwide.Gross":101.092605369419,"IMDB.Rating":-2.76123393785036,"IMDB.Votes":2.91076517831019},"Pr(>|t|)":{"(Intercept)":0.999999999999898,"US.DVD.Sales":0.333482765541322,"Running.Time..min.":3.40612674290421e-20,"Production.Budget":0.00203275729687166,"Rotten.Tomatoes.Rating":4.11706145787832e-16,"Worldwide.Gross":0,"IMDB.Rating":0.00579126229268723,"IMDB.Votes":0.00363040195854382}}},"Rotten.Tomatoes.Rating ~ US.DVD.Sales + Running.Time..min. + Production.Budget + US.Gross + Worldwide.Gross + IMDB.Rating + IMDB.Votes":{"fstatistic.fstatistic":{"value":135.621613885654,"numdf":7,"dendf":3193},"r.squared.r.squared":0.22918174463894,"df.df":[8,3193,8],"coefs":{"Estimate":{"(Intercept)":-6.74988841910883e-16,"US.DVD.Sales":0.0267125606548917,"Running.Time..min.":0.0220862282800595,"Production.Budget":-0.0640964442751569,"US.Gross":0.378883537326921,"Worldwide.Gross":-0.260675054447098,"IMDB.Rating":0.357366264809049,"IMDB.Votes":0.119888029534055},"Std. Error":{"(Intercept)":0.0155349081053854,"US.DVD.Sales":0.0177433925010493,"Running.Time..min.":0.0179343325091777,"Production.Budget":0.0224676692942192,"US.Gross":0.0463293288139662,"Worldwide.Gross":0.0487802790683972,"IMDB.Rating":0.0172103433603087,"IMDB.Votes":0.0202694310714058},"t value":{"(Intercept)":-4.34498123408202e-14,"US.DVD.Sales":1.50549341977933,"Running.Time..min.":1.23150545294937,"Production.Budget":-2.85283014610013,"US.Gross":8.17804934857388,"Worldwide.Gross":-5.34386148307174,"IMDB.Rating":20.764621444638,"IMDB.Votes":5.91472099595244},"Pr(>|t|)":{"(Intercept)":0.999999999999965,"US.DVD.Sales":0.13229617978348,"Running.Time..min.":0.218224570552675,"Production.Budget":0.00436105436531437,"US.Gross":4.11706145787443e-16,"Worldwide.Gross":9.73760929783488e-08,"IMDB.Rating":6.14167220500695e-90,"IMDB.Votes":3.67590901111135e-09}}},"Worldwide.Gross ~ US.DVD.Sales + Running.Time..min. + Production.Budget + US.Gross + Rotten.Tomatoes.Rating + IMDB.Rating + IMDB.Votes":{"fstatistic.fstatistic":{"value":4080.17260550759,"numdf":7,"dendf":3193},"r.squared.r.squared":0.899446398536766,"df.df":[8,3193,8],"coefs":{"Estimate":{"(Intercept)":5.96949891213194e-16,"US.DVD.Sales":0.0354863002531812,"Running.Time..min.":-0.0506876639743661,"Production.Budget":0.136724167950328,"US.Gross":0.833951339438668,"Rotten.Tomatoes.Rating":-0.0340051826146779,"IMDB.Rating":0.00203873985751041,"IMDB.Votes":0.0604811847554272},"Std. Error":{"(Intercept)":0.00561088681257141,