{"names":["Normality","Normalized Entropy","Number of Clusters","Percent Variance Explained Clustering","Number of Outliers"],"data":{"US.DVD.Sales":[0.232578402788699,0.53375237781261,5,0.941150128113348,60],"Running.Time..min.":[0.0755396718077264,0.720874603375766,3,0.806521462699137,25],"Production.Budget":[0.191312768613125,0.589875051101529,9,0.974905379474648,173],"US.Gross":[0.237451283495516,0.406350788436926,8,0.964924157529512,243],"Rotten.Tomatoes.Rating":[0.0818406227383952,0.991654142271023,7,0.980599759962603,0],"Worldwide.Gross":[0.282720490458964,0.242032671185527,10,0.976646598792563,312],"IMDB.Rating":[0.0579403896044185,0.844897506623976,4,0.885539582948308,55],"IMDB.Votes":[0.2529743490072,0.388634108972091,7,0.964505794916021,249],"Creative.Type":["NA",0.747239674130709,"NA","NA","NA"],"Release.Location":["NA",0.414197861251824,"NA","NA","NA"],"Source":["NA",0.560744164966466,"NA","NA","NA"],"Title":["NA",0.999644324997769,"NA","NA","NA"],"Release.Date":["NA",0.973332643036056,"NA","NA","NA"],"Director":["NA",0.667236696459487,"NA","NA","NA"],"Major.Genre":["NA",0.82267000717759,"NA","NA","NA"],"Distributor":["NA",0.658730305032165,"NA","NA","NA"],"MPAA.Rating":["NA",0.718638882670295,"NA","NA","NA"]}}